wtorek,605a20f510b27935090c1a0c
sroda,605a1fd9fdd0344df312bedd
czwartek,605ae829cc82f21185244d46
pi¹tek,605aeace2ad7bd1004844777
góry,605a20f510b27935090c1a0c
morze,605a1fd9fdd0344df312bedd
wycieczka,6059277bb44a1213f4ae3014
melan¿,605aeace2ad7bd1004844777
ksi¹¿ka,605f39c01f1da512b61db21a
odpoczynek,605f39c01f1da512b61db21a
tuesday,605a20f510b27935090c1a0c
something,605a20f510b27935090c1a0c
potato,6059277bb44a1213f4ae3014
dead,605a1fd9fdd0344df312bedd
góry,605f39c01f1da512b61db21a
LG,6059277bb44a1213f4ae3014
œwi¹t,605ae829cc82f21185244d46
